<?xml version="1.0" encoding="UTF-8" standalone="yes"?>
<addon id="service.wp2-oscam"
       name="WP2-OSCam"
       version="1.0.1"
       provider-name="kralex">
  <requires>
    <import addon="xbmc.python" version="2.1.0"/>

  </requires>
  <extension point="xbmc.service" library="default.py">
    <provides></provides>
  </extension>
  <extension point="xbmc.addon.metadata">
    <summary>oscam-1.20-unstable_svn-r11342 for LibreElec Wetek Play 2 Raybuntu edition</summary>
    <description>
oscam-1.20-unstable_svn-r11342 for LibreElec Wetek Play 2 Raybuntu edition
    </description>
    <disclaimer>
May be illegal in your country. if in doubt, do not install
    </disclaimer>
    <platform>all</platform>
    <news>
* Turksat 42E fix[FOX NETWORKS GROUP]
* Bulsatcom 39.0°E fix [Arena Sport]
* Bulsatcom 39.0°E [IRDETO 2]
    </news>
    <assets>
      <icon>resources/icon.png</icon>
      <fanart>resources/fanart.png</fanart>

    </assets>
  </extension>
</addon>
