<?xml version="1.0" encoding="UTF-8" standalone="yes"?>
<addon id="service.wp2-oscam"
       name="WP2-OSCam"
       version="1.2.2"
       provider-name="kralex">
  <requires>
    <import addon="xbmc.python" version="2.1.0"/>

  </requires>
  <extension point="xbmc.service" library="default.py">
    <provides></provides>
  </extension>
  <extension point="xbmc.addon.metadata">
    <summary>OsCam Emu for LibreElec arm architecture</summary>
    <description>
oscam-svn11384-arm_v7-webif-oscam-emu-patched for LibreElec arm architecture
    </description>
    <disclaimer>
May be illegal in your country. if in doubt, do not install
    </disclaimer>
    <platform>all</platform>
    <news>
updated to oscam-svn11384-arm_v7-webif-oscam-emu-patched
    </news>
    <assets>
      <icon>resources/icon.png</icon>
      <fanart>resources/fanart.png</fanart>

    </assets>
  </extension>
</addon>
